{"cameraMode":{"drawMode":0,"name":"Shaded","section":"Shading Mode"},"sceneLighting":true,"audioPlay":false,"sceneViewState":{"showFog":true,"showMaterialUpdate":false,"showSkybox":true,"showFlares":true,"showImageEffects":true,"showParticleSystems":true},"in2DMode":false,"pivot":{"x":-3.284409284591675,"y":-0.8903231620788574,"z":-2.228961944580078},"rotation":{"x":-0.16174326837062837,"y":0.1260373294353485,"z":-0.02083282731473446,"w":-0.9785293936729431},"size":14.460947036743164,"orthographic":false}